;OPERATEUR;ANNEE;FILIERE;CODE_IRIS;NOM_COMMUNE;ADRESSE;CODE_GRAND_SECTEUR;CONSO;PDL;latitude;longitude;id;score
406310;Enedis;2019;E;770540000;LA BROSSE-MONTCEAUX;33 RUE DE LA VALLEE;T;8,911819e+01;1;48.347839;3.026168;77054_0240_00033;0.8600027272727272
408716;Enedis;2019;E;771330000;COURCELLES-EN-BASSÃ‰E;8 RUE DE LA PEPINIERE;T;1,551800e+01;1;48.416013;3.072302;77133_0221_00008;0.8465909090909091
409219;Enedis;2019;E;771580000;DIANT;1 RUE AUX MOINES;A;1,885288e+01;1;48.270294;3.004619;77158_0200_00001;0.845300909090909
409378;Enedis;2019;E;771720000;ESMANS;12 RUE DE MONTEREAU;A;8,015374e+01;1;48.350785;2.975275;77172_0300_00012;0.856750909090909
409866;Enedis;2019;E;771940000;FORGES;2 RUE DE SALINS;T;7,149455e+01;1;48.418483;2.963054;77194_0160_00002;0.8480772727272726
409867;RTE;2019;E;771940000;FORGES;NON RENSEIGNE;T;7,819715e+04;1;48.418483;2.963054;77194_0160_00002;0.8480772727272726
409883;Enedis;2019;E;772100000;LA GRANDE-PAROISSE;5 RUE DES CROCS;I;8,003555e+01;1;48.384548;2.9251;77210_0117_00005;0.8591990909090909
409884;Enedis;2019;E;772100000;LA GRANDE-PAROISSE;21 RUE DE LA GARENNE;R;5,555390e+01;11;48.387785;2.905994;77210_0200_00021;0.8643581818181818
409885;Enedis;2019;E;772100000;LA GRANDE-PAROISSE;19 GRANDE RUE;T;1,041794e+02;1;48.385911;2.900171;77210_0202_00019;0.8692418181818182
409886;Enedis;2019;E;772100000;LA GRANDE-PAROISSE;2 RUE DES CROCS;T;6,280400e+01;1;48.385799;2.924544;77210_0117_00002;0.8591990909090909
410422;Enedis;2019;E;772450000;LAVAL-EN-BRIE;38 RUE DE LA FONTAINE DE L ERABLE;I;1,314940e+02;1;48.424351;3.004977;77245_0260_00038;0.8552054545454545
411010;Enedis;2019;E;772790000;MAROLLES-SUR-SEINE;20 PASSAGE DU CHARRON;T;2,240990e+01;1;48.385441;3.035553;77279_0165_00020;0.8606827272727272
411011;Enedis;2019;E;772790000;MAROLLES-SUR-SEINE;22 RUE DE LA CROIX SAINT JACQUES;T;1,029238e+02;1;48.381421;3.028472;77279_0143_00022;0.8579645454545455
411012;Enedis;2019;E;772790000;MAROLLES-SUR-SEINE;4 RUE DES TAUPES;T;1,232181e+02;1;48.379571;3.022132;77279_ict8gm_00004;0.8543809090909091
412704;Enedis;2019;E;772930000;MISY-SUR-YONNE;15 RUE NEUVE;R;5,673754e+01;16;48.36071;3.090358;77293_0280_00015;0.8593045454545454
412705;Enedis;2019;E;772930000;MISY-SUR-YONNE;4 RUE DE L EGLISE;T;1,491872e+01;1;48.360207;3.089671;77293_0120_00004;0.8549618181818182
413023;Enedis;2019;E;773050101;MONTEREAU-FAULT-YONNE;3 RUE DE LA MAISON GARNIER;I;9,183800e+01;1;48.397606;2.947321;77305_0901_00003;0.8697163636363635
413024;Enedis;2019;E;773050101;MONTEREAU-FAULT-YONNE;5 PLACE DIDEROT;R;1,944521e+01;14;48.397786;2.95219;77305_0448_00005;0.8693518181818181
413025;Enedis;2019;E;773050101;MONTEREAU-FAULT-YONNE;3 AVENUE DE LA LIBERTE;R;2,820238e+01;11;48.398366;2.951967;77305_0875_00003;0.8721072727272726
413026;Enedis;2019;E;773050101;MONTEREAU-FAULT-YONNE;13 RUE PAUL CLAUDEL;R;1,966402e+01;10;48.396844;2.950502;77305_1085_00013;0.87066
413027;Enedis;2019;E;773050101;MONTEREAU-FAULT-YONNE;15 PLACE DIDEROT;R;2,349989e+01;15;48.397786;2.95219;77305_0448_00015;0.8693518181818181
413028;Enedis;2019;E;773050101;MONTEREAU-FAULT-YONNE;11 RUE PAUL CLAUDEL;R;2,128174e+01;10;48.396834;2.95075;77305_1085_00011;0.87066
413029;Enedis;2019;E;773050101;MONTEREAU-FAULT-YONNE;8 RUE GUY BONIFACE;R;2,515524e+01;15;48.395294;2.950852;77305_0764_00008;0.8669018181818181
413030;Enedis;2019;E;773050101;MONTEREAU-FAULT-YONNE;6 RUE GUY BONIFACE;R;4,143116e+01;15;48.394974;2.950722;77305_0764_00006;0.8669018181818181
413031;Enedis;2019;E;773050101;MONTEREAU-FAULT-YONNE;2 RUE DES ROSIERS;R;5,280371e+01;20;48.395053;2.944993;77305_1391_00002;0.8662018181818182
413032;Enedis;2019;E;773050101;MONTEREAU-FAULT-YONNE;5 RUE DES ROSIERS;R;7,160235e+01;22;48.395369;2.945498;77305_1391_00005;0.8662018181818182
413033;Enedis;2019;E;773050101;MONTEREAU-FAULT-YONNE;3 RUE DES ROSIERS;R;5,527350e+01;20;48.394581;2.945102;77305_1391_00003;0.8662018181818182
413034;Enedis;2019;E;773050101;MONTEREAU-FAULT-YONNE;11 PLACE DIDEROT;R;2,636779e+01;21;48.397786;2.95219;77305_0448_00011;0.8693518181818181
413035;Enedis;2019;E;773050101;MONTEREAU-FAULT-YONNE;4 RUE GUY BONIFACE;R;2,775375e+01;16;48.395276;2.951308;77305_0764_00004;0.8669018181818181
413036;Enedis;2019;E;773050101;MONTEREAU-FAULT-YONNE;1 RUE DES ROSIERS;R;5,498641e+01;20;48.395486;2.944955;77305_1391_00001;0.8662018181818182
413037;Enedis;2019;E;773050101;MONTEREAU-FAULT-YONNE;1 PLACE DIDEROT;R;2,746673e+01;22;48.397786;2.95219;77305_0448_00001;0.8693518181818181
413038;Enedis;2019;E;773050101;MONTEREAU-FAULT-YONNE;5 AVENUE DE LA LIBERTE;R;2,339672e+01;13;48.398366;2.95198;77305_0875_00005;0.8721072727272726
413039;Enedis;2019;E;773050101;MONTEREAU-FAULT-YONNE;4 RUE DES ROSIERS;R;7,287877e+01;25;48.394365;2.945908;77305_1391_00004;0.8662018181818182
413040;Enedis;2019;E;773050101;MONTEREAU-FAULT-YONNE;17 PLACE DIDEROT;R;2,937781e+01;22;48.397786;2.95219;77305_0448_00017;0.8693518181818181
413041;Enedis;2019;E;773050101;MONTEREAU-FAULT-YONNE;14 RUE DES SABLONS;R;1,262514e+02;39;48.396638;2.946936;77305_1409_00014;0.8749372727272727
413042;Enedis;2019;E;773050101;MONTEREAU-FAULT-YONNE;3 PLACE DIDEROT;R;3,242622e+01;23;48.397786;2.95219;77305_0448_00003;0.8693518181818181
413043;Enedis;2019;E;773050101;MONTEREAU-FAULT-YONNE;2 RUE GUY BONIFACE;R;2,785171e+01;12;48.395203;2.951944;77305_0764_00002;0.8669018181818181
413044;Enedis;2019;E;773050101;MONTEREAU-FAULT-YONNE;3 RUE PAUL CLAUDEL;R;1,900049e+01;10;48.396802;2.95161;77305_1085_00003;0.87066
413045;Enedis;2019;E;773050101;MONTEREAU-FAULT-YONNE;31 AVENUE DE SURVILLE;R;1,938452e+02;23;48.393868;2.952002;77305_1515_00031;0.8765136363636363
413046;Enedis;2019;E;773050101;MONTEREAU-FAULT-YONNE;13 PLACE DIDEROT;R;2,703443e+01;15;48.397786;2.95219;77305_0448_00013;0.8693518181818181
413047;Enedis;2019;E;773050101;MONTEREAU-FAULT-YONNE;5 RUE PAUL CLAUDEL;R;1,321515e+01;10;48.39682;2.951174;77305_1085_00005;0.87066
413048;Enedis;2019;E;773050101;MONTEREAU-FAULT-YONNE;19 RUE PAUL CLAUDEL;R;1,773035e+01;10;48.396873;2.949755;77305_1085_00019;0.87066
413049;Enedis;2019;E;773050101;MONTEREAU-FAULT-YONNE;7 PLACE DIDEROT;R;3,806798e+01;15;48.397786;2.95219;77305_0448_00007;0.8693518181818181
413050;Enedis;2019;E;773050101;MONTEREAU-FAULT-YONNE;25 AVENUE DE SURVILLE;T;4,754334e+01;1;48.392711;2.95337;77305_1515_00025;0.8765136363636363
413051;Enedis;2019;E;773050101;MONTEREAU-FAULT-YONNE;9 RUE ROBERTE BOUCHER;T;6,300771e+01;1;48.398409;2.947124;77305_0153_00009;0.8675090909090908
413052;Enedis;2019;E;773050102;MONTEREAU-FAULT-YONNE;16 BOULEVARD DIDEROT;R;2,425651e+01;12;48.398221;2.952477;77305_0447_00016;0.8693518181818181
413053;Enedis;2019;E;773050102;MONTEREAU-FAULT-YONNE;8 RUE PAUL LANGEVIN;R;1,859706e+01;10;48.399961;2.954223;77305_1105_00008;0.8680445454545455
413054;Enedis;2019;E;773050102;MONTEREAU-FAULT-YONNE;14 RUE PAUL LANGEVIN;R;1,987742e+01;10;48.399985;2.953484;77305_1105_00014;0.8680445454545455
413055;Enedis;2019;E;773050102;MONTEREAU-FAULT-YONNE;3 RUE LOUIS BRAILLE;R;1,973494e+01;10;48.400142;2.955384;77305_0877_00003;0.8711954545454546
413056;Enedis;2019;E;773050102;MONTEREAU-FAULT-YONNE;18 BOULEVARD DIDEROT;R;2,631942e+01;14;48.398232;2.95227;77305_0447_00018;0.8693518181818181
413057;Enedis;2019;E;773050102;MONTEREAU-FAULT-YONNE;1 RUE LOUIS BRAILLE;R;2,311652e+01;10;48.400142;2.955371;77305_0877_00001;0.8711954545454546
413058;Enedis;2019;E;773050102;MONTEREAU-FAULT-YONNE;5 RUE LOUIS BRAILLE;R;2,255034e+01;10;48.400142;2.955398;77305_0877_00005;0.8711954545454546
413059;Enedis;2019;E;773050102;MONTEREAU-FAULT-YONNE;16 RUE PAUL LANGEVIN;R;1,604886e+01;10;48.399996;2.953165;77305_1105_00016;0.8680445454545455
413060;Enedis;2019;E;773050102;MONTEREAU-FAULT-YONNE;2 RUE PAUL LANGEVIN;R;2,000107e+01;12;48.399923;2.955002;77305_1105_00002;0.8680445454545455
413061;Enedis;2019;E;773050102;MONTEREAU-FAULT-YONNE;4 RUE PAUL LANGEVIN;R;2,040280e+01;12;48.399937;2.954643;77305_1105_00004;0.8680445454545455
413062;Enedis;2019;E;773050102;MONTEREAU-FAULT-YONNE;10 RUE PAUL LANGEVIN;R;1,830577e+01;10;48.399973;2.953896;77305_1105_00010;0.8680445454545455
413063;Enedis;2019;E;773050103;MONTEREAU-FAULT-YONNE;1 AVENUE LAENNEC;R;3,478999e+01;10;48.398015;2.960115;77305_0835_00001;0.8685236363636363
413064;Enedis;2019;E;773050103;MONTEREAU-FAULT-YONNE;50 SQUARE BEAUMARCHAIS;R;3,572932e+01;12;48.399202;2.955484;77305_0105_00050;0.8733627272727271
413065;Enedis;2019;E;773050103;MONTEREAU-FAULT-YONNE;14 RUE RACINE;R;2,631664e+01;10;48.398764;2.957749;77305_1355_00014;0.8716736363636364
413066;Enedis;2019;E;773050103;MONTEREAU-FAULT-YONNE;44 SQUARE BEAUMARCHAIS;R;2,393545e+01;11;48.399265;2.956064;77305_0105_00044;0.8733627272727271
413067;Enedis;2019;E;773050103;MONTEREAU-FAULT-YONNE;2 RUE RACINE;R;3,376193e+01;20;48.397675;2.957072;77305_1355_00002;0.8716736363636364
413068;Enedis;2019;E;773050103;MONTEREAU-FAULT-YONNE;6 RUE DESCARTES;R;3,812668e+01;16;48.399902;2.955458;77305_0445_00006;0.8703663636363635
413069;Enedis;2019;E;773050103;MONTEREAU-FAULT-YONNE;24 RUE DE PAREDES;R;5,720712e+01;30;48.398816;2.959028;77305_1045_00024;0.87066
413070;Enedis;2019;E;773050103;MONTEREAU-FAULT-YONNE;4 PLACE DU GENERAL BERTRAND;R;2,587721e+01;18;48.397947;2.958304;77305_0655_00004;0.8662018181818182
413071;Enedis;2019;E;773050103;MONTEREAU-FAULT-YONNE;2 RUE DESCARTES;R;4,783114e+01;17;48.400417;2.955523;77305_0445_00002;0.8703663636363635
413072;Enedis;2019;E;773050103;MONTEREAU-FAULT-YONNE;7 RUE DE PAREDES;R;3,547657e+01;23;48.398786;2.958906;77305_1045_00007;0.87066
413073;Enedis;2019;E;773050103;MONTEREAU-FAULT-YONNE;2 RUE EDMOND ROSTAND;R;3,405125e+01;44;48.398464;2.955132;77305_0475_00002;0.8675090909090908
413074;Enedis;2019;E;773050103;MONTEREAU-FAULT-YONNE;2 RUE D OTLEY;R;2,842802e+01;17;48.39936;2.958811;77305_1013_00002;0.8643581818181818
413075;Enedis;2019;E;773050103;MONTEREAU-FAULT-YONNE;12 BOULEVARD DIDEROT;R;3,587024e+01;23;48.397907;2.955273;77305_0447_00012;0.8693518181818181
413076;Enedis;2019;E;773050103;MONTEREAU-FAULT-YONNE;1 RUE D OTLEY;R;3,518399e+01;17;48.399428;2.958712;77305_1013_00001;0.8643581818181818
413077;Enedis;2019;E;773050103;MONTEREAU-FAULT-YONNE;5 RUE DE PAREDES;R;2,552536e+01;15;48.398882;2.958318;77305_1045_00005;0.87066
413078;Enedis;2019;E;773050103;MONTEREAU-FAULT-YONNE;52 SQUARE BEAUMARCHAIS;R;3,938800e+01;12;48.399067;2.955473;77305_0105_00052;0.8733627272727271
413079;Enedis;2019;E;773050103;MONTEREAU-FAULT-YONNE;12 RUE RACINE;R;3,148104e+01;10;48.398575;2.957818;77305_1355_00012;0.8716736363636364
413080;Enedis;2019;E;773050103;MONTEREAU-FAULT-YONNE;8 PLACE DU GENERAL BERTRAND;R;3,414112e+01;19;48.397767;2.958807;77305_0655_00008;0.8662018181818182
413081;Enedis;2019;E;773050103;MONTEREAU-FAULT-YONNE;38 SQUARE BEAUMARCHAIS;R;5,998440e+01;17;48.399292;2.956902;77305_0105_00038;0.8733627272727271
413082;Enedis;2019;E;773050103;MONTEREAU-FAULT-YONNE;40 SQUARE BEAUMARCHAIS;R;6,955977e+01;18;48.399245;2.956599;77305_0105_00040;0.8733627272727271
413083;Enedis;2019;E;773050103;MONTEREAU-FAULT-YONNE;3 RUE D OTLEY;R;2,607599e+01;16;48.398996;2.957926;77305_1013_00003;0.8643581818181818
413084;Enedis;2019;E;773050103;MONTEREAU-FAULT-YONNE;46 SQUARE BEAUMARCHAIS;R;6,551827e+01;18;48.399349;2.95572;77305_0105_00046;0.8733627272727271
413085;Enedis;2019;E;773050103;MONTEREAU-FAULT-YONNE;4 BOULEVARD DIDEROT;R;2,359312e+01;16;48.397889;2.955745;77305_0447_00004;0.8693518181818181
413086;Enedis;2019;E;773050103;MONTEREAU-FAULT-YONNE;8 RUE DESCARTES;R;4,007113e+01;12;48.39979;2.955233;77305_0445_00008;0.8703663636363635
413087;Enedis;2019;E;773050103;MONTEREAU-FAULT-YONNE;4 RUE DESCARTES;R;3,695596e+01;15;48.40016;2.955485;77305_0445_00004;0.8703663636363635
413088;Enedis;2019;E;773050103;MONTEREAU-FAULT-YONNE;42 SQUARE BEAUMARCHAIS;R;5,847290e+01;17;48.399316;2.956304;77305_0105_00042;0.8733627272727271
413089;Enedis;2019;E;773050103;MONTEREAU-FAULT-YONNE;6 PLACE DU GENERAL BERTRAND;R;4,045615e+01;19;48.397969;2.958789;77305_0655_00006;0.8662018181818182
413090;Enedis;2019;E;773050103;MONTEREAU-FAULT-YONNE;1 PLACE DU GENERAL DELORT;R;3,159229e+01;12;48.399214;2.957269;77305_0665_00001;0.8612081818181817
413091;Enedis;2019;E;773050103;MONTEREAU-FAULT-YONNE;48 SQUARE BEAUMARCHAIS;R;8,232138e+01;21;48.399288;2.955506;77305_0105_00048;0.8733627272727271
413092;Enedis;2019;E;773050103;MONTEREAU-FAULT-YONNE;2 PLACE DU GENERAL BERTRAND;R;3,277355e+01;17;48.397787;2.958208;77305_0655_00002;0.8662018181818182
413093;Enedis;2019;E;773050103;MONTEREAU-FAULT-YONNE;10 PLACE DU GENERAL BERTRAND;R;2,530578e+01;16;48.397721;2.958419;77305_0655_00010;0.8662018181818182
413094;Enedis;2019;E;773050103;MONTEREAU-FAULT-YONNE;45 SQUARE BEAUMARCHAIS;T;4,305187e+01;1;48.399274;2.955924;77305_0105_00045;0.8733627272727271
413095;Enedis;2019;E;773050103;MONTEREAU-FAULT-YONNE;1 RUE EDMOND ROSTAND;T;6,381034e+01;1;48.39872;2.954938;77305_0475_00001;0.8675090909090908
413096;Enedis;2019;E;773050104;MONTEREAU-FAULT-YONNE;14 RUE FLEUR BEGNE;R;1,542343e+01;10;48.395594;2.955677;77305_0580_00014;0.8716736363636364
413097;Enedis;2019;E;773050104;MONTEREAU-FAULT-YONNE;12 RUE JULES FERRY;R;3,231131e+01;14;48.395979;2.957913;77305_0825_00012;0.8709354545454545
413098;Enedis;2019;E;773050104;MONTEREAU-FAULT-YONNE;3 RUE DES CHESNOIS;R;2,155999e+01;10;48.39486;2.956217;77305_0300_00003;0.8742181818181818
413099;Enedis;2019;E;773050104;MONTEREAU-FAULT-YONNE;9 RUE DES CHESNOIS;R;1,798882e+01;10;48.39545;2.956366;77305_0300_00009;0.8742181818181818
413100;Enedis;2019;E;773050104;MONTEREAU-FAULT-YONNE;7 RUE DU CLOS DION;R;1,512707e+01;10;48.394961;2.954176;77305_0320_00007;0.8697163636363635
413101;Enedis;2019;E;773050104;MONTEREAU-FAULT-YONNE;11 RUE DU CLOS DION;R;1,720661e+01;10;48.394961;2.954203;77305_0320_00011;0.8697163636363635
413102;Enedis;2019;E;773050104;MONTEREAU-FAULT-YONNE;15 RUE DU CLOS DION;R;1,505691e+01;10;48.394961;2.95423;77305_0320_00015;0.8697163636363635
413103;Enedis;2019;E;773050104;MONTEREAU-FAULT-YONNE;4 RUE FLEUR BEGNE;R;2,468812e+01;10;48.39489;2.955538;77305_0580_00004;0.8716736363636364
413104;Enedis;2019;E;773050104;MONTEREAU-FAULT-YONNE;2 RUE DES GRES;R;1,580692e+01;10;48.394754;2.956948;77305_0730_00002;0.8689563636363636
413105;Enedis;2019;E;773050104;MONTEREAU-FAULT-YONNE;3 RUE FLEUR BEGNE;R;2,064519e+01;10;48.395357;2.955281;77305_0580_00003;0.8716736363636364
413106;Enedis;2019;E;773050104;MONTEREAU-FAULT-YONNE;28 RUE FLEUR BEGNE;R;2,548323e+01;10;48.395594;2.955771;77305_0580_00028;0.8716736363636364
413107;Enedis;2019;E;773050104;MONTEREAU-FAULT-YONNE;6 RUE DES GRES;R;2,232375e+01;10;48.394754;2.956948;77305_0730_00006;0.8689563636363636
413108;Enedis;2019;E;773050104;MONTEREAU-FAULT-YONNE;1 AVENUE MOLIERE;R;2,145368e+02;129;48.397446;2.955611;77305_0953_00001;0.8653727272727272
413109;Enedis;2019;E;773050104;MONTEREAU-FAULT-YONNE;1 RUE DES CHESNOIS;R;1,600129e+01;10;48.39486;2.956204;77305_0300_00001;0.8742181818181818
413110;Enedis;2019;E;773050104;MONTEREAU-FAULT-YONNE;6 RUE FLEUR BEGNE;R;1,890838e+01;10;48.395594;2.955623;77305_0580_00006;0.8716736363636364
413111;Enedis;2019;E;773050104;MONTEREAU-FAULT-YONNE;26 RUE FLEUR BEGNE;R;1,627757e+01;10;48.395594;2.955758;77305_0580_00026;0.8716736363636364
413112;Enedis;2019;E;773050104;MONTEREAU-FAULT-YONNE;17 RUE DES CHESNOIS;R;1,185575e+01;10;48.396643;2.956371;77305_0300_00017;0.8742181818181818
413113;Enedis;2019;E;773050104;MONTEREAU-FAULT-YONNE;8 AVENUE DE LA LIBERTE;R;1,161206e+02;58;48.399433;2.953018;77305_0875_00008;0.8721072727272726
413114;Enedis;2019;E;773050104;MONTEREAU-FAULT-YONNE;10 RUE DES GRES;R;2,524673e+01;10;48.39481;2.957798;77305_0730_00010;0.8689563636363636
413115;Enedis;2019;E;773050104;MONTEREAU-FAULT-YONNE;11 RUE DES CHESNOIS;R;1,845940e+01;10;48.395596;2.956288;77305_0300_00011;0.8742181818181818
413116;Enedis;2019;E;773050104;MONTEREAU-FAULT-YONNE;21 RUE DU CLOS DION;R;1,901967e+01;10;48.394961;2.95427;77305_0320_00021;0.8697163636363635
413117;Enedis;2019;E;773050104;MONTEREAU-FAULT-YONNE;14 RUE DES GRES;R;1,782529e+01;10;48.395054;2.958058;77305_0730_00014;0.8689563636363636
413118;Enedis;2019;E;773050104;MONTEREAU-FAULT-YONNE;9 RUE DU CLOS DION;R;1,591463e+01;10;48.394961;2.954189;77305_0320_00009;0.8697163636363635
413119;Enedis;2019;E;773050104;MONTEREAU-FAULT-YONNE;7 RUE DES CHESNOIS;R;1,628220e+01;10;48.395596;2.956275;77305_0300_00007;0.8742181818181818
413120;Enedis;2019;E;773050104;MONTEREAU-FAULT-YONNE;11 RUE ANATOLE FRANCE;R;2,584182e+01;20;48.396071;2.959256;77305_0005_00011;0.8662018181818182
413121;Enedis;2019;E;773050104;MONTEREAU-FAULT-YONNE;5 RUE DES CHESNOIS;R;2,080816e+01;10;48.395596;2.956261;77305_0300_00005;0.8742181818181818
413122;Enedis;2019;E;773050104;MONTEREAU-FAULT-YONNE;2 RUE FLEUR BEGNE;R;1,099776e+01;10;48.39489;2.955524;77305_0580_00002;0.8716736363636364
413123;Enedis;2019;E;773050104;MONTEREAU-FAULT-YONNE;4 RUE DES GRES;R;1,915959e+01;10;48.394754;2.956948;77305_0730_00004;0.8689563636363636
413124;Enedis;2019;E;773050104;MONTEREAU-FAULT-YONNE;13 RUE DU CLOS DION;R;1,412842e+01;10;48.394961;2.954216;77305_0320_00013;0.8697163636363635
413125;Enedis;2019;E;773050104;MONTEREAU-FAULT-YONNE;8 BOULEVARD DIDEROT;R;3,106498e+01;23;48.397896;2.955513;77305_0447_00008;0.8693518181818181
413126;Enedis;2019;E;773050104;MONTEREAU-FAULT-YONNE;12 RUE FLEUR BEGNE;R;1,590386e+01;10;48.395594;2.955663;77305_0580_00012;0.8716736363636364
413127;Enedis;2019;E;773050104;MONTEREAU-FAULT-YONNE;23 RUE DES CHESNOIS;R;2,214434e+01;10;48.396643;2.956412;77305_0300_00023;0.8742181818181818
413128;Enedis;2019;E;773050104;MONTEREAU-FAULT-YONNE;8 RUE FLEUR BEGNE;R;1,925173e+01;10;48.395594;2.955636;77305_0580_00008;0.8716736363636364
413129;Enedis;2019;E;773050104;MONTEREAU-FAULT-YONNE;2 RUE DES CHESNOIS;R;1,272325e+01;16;48.394762;2.956592;77305_0300_00002;0.8742181818181818
413130;Enedis;2019;E;773050104;MONTEREAU-FAULT-YONNE;1 RUE DU CLOS DION;R;2,115592e+01;10;48.394961;2.954135;77305_0320_00001;0.8697163636363635
413131;Enedis;2019;E;773050104;MONTEREAU-FAULT-YONNE;13 RUE ANATOLE FRANCE;R;3,492084e+01;20;48.396356;2.959827;77305_0005_00013;0.8662018181818182
413132;Enedis;2019;E;773050104;MONTEREAU-FAULT-YONNE;21 RUE DES CHESNOIS;R;1,711735e+01;10;48.396643;2.956398;77305_0300_00021;0.8742181818181818
413133;Enedis;2019;E;773050104;MONTEREAU-FAULT-YONNE;13 RUE DES CHESNOIS;R;1,719660e+01;10;48.395746;2.956404;77305_0300_00013;0.8742181818181818
413134;Enedis;2019;E;773050104;MONTEREAU-FAULT-YONNE;5 RUE DU CLOS DION;R;1,738593e+01;10;48.394961;2.954162;77305_0320_00005;0.8697163636363635
413135;Enedis;2019;E;773050104;MONTEREAU-FAULT-YONNE;24 RUE FLEUR BEGNE;R;1,788034e+01;10;48.395594;2.955744;77305_0580_00024;0.8716736363636364
413136;Enedis;2019;E;773050104;MONTEREAU-FAULT-YONNE;4 RUE DES CHESNOIS;R;1,358698e+01;10;48.394762;2.956606;77305_0300_00004;0.8742181818181818
413137;Enedis;2019;E;773050104;MONTEREAU-FAULT-YONNE;16 RUE DES GRES;R;1,889815e+01;10;48.395175;2.958184;77305_0730_00016;0.8689563636363636
413138;Enedis;2019;E;773050104;MONTEREAU-FAULT-YONNE;20 RUE FLEUR BEGNE;R;1,362558e+01;10;48.395594;2.955717;77305_0580_00020;0.8716736363636364
413139;Enedis;2019;E;773050104;MONTEREAU-FAULT-YONNE;8 RUE DES GRES;R;2,918836e+01;10;48.394699;2.95768;77305_0730_00008;0.8689563636363636
413140;Enedis;2019;E;773050104;MONTEREAU-FAULT-YONNE;19 RUE DES CHESNOIS;R;1,528034e+01;10;48.396643;2.956385;77305_0300_00019;0.8742181818181818
413141;Enedis;2019;E;773050104;MONTEREAU-FAULT-YONNE;1 RUE FLEUR BEGNE;R;1,482849e+01;10;48.395253;2.95527;77305_0580_00001;0.8716736363636364
413142;Enedis;2019;E;773050104;MONTEREAU-FAULT-YONNE;22 RUE FLEUR BEGNE;R;1,958401e+01;10;48.395594;2.955731;77305_0580_00022;0.8716736363636364
413143;Enedis;2019;E;773050104;MONTEREAU-FAULT-YONNE;25 RUE DES CHESNOIS;R;1,496954e+01;10;48.396643;2.956425;77305_0300_00025;0.8742181818181818
413144;Enedis;2019;E;773050104;MONTEREAU-FAULT-YONNE;1 RUE DES GRES;R;1,677458e+02;91;48.395133;2.957503;77305_0730_00001;0.8689563636363636
413145;Enedis;2019;E;773050104;MONTEREAU-FAULT-YONNE;27 RUE DES CHESNOIS;R;2,607854e+01;10;48.396643;2.956439;77305_0300_00027;0.8742181818181818
413146;Enedis;2019;E;773050104;MONTEREAU-FAULT-YONNE;10 RUE JULES FERRY;R;4,064791e+01;16;48.395686;2.957888;77305_0825_00010;0.8709354545454545
413147;Enedis;2019;E;773050104;MONTEREAU-FAULT-YONNE;3 RUE TRAVERSIERE;R;3,521089e+01;11;48.39544;2.958179;77305_1528_00003;0.863050909090909
413148;Enedis;2019;E;773050104;MONTEREAU-FAULT-YONNE;3 RUE DU CLOS DION;R;1,618196e+01;10;48.394961;2.954149;77305_0320_00003;0.8697163636363635
413149;Enedis;2019;E;773050104;MONTEREAU-FAULT-YONNE;3 RUE JEAN BOUIN;R;2,270975e+02;126;48.395674;2.953158;77305_0813_00003;0.8612081818181817
413150;Enedis;2019;E;773050104;MONTEREAU-FAULT-YONNE;19 RUE DU CLOS DION;R;1,588724e+01;10;48.394961;2.954257;77305_0320_00019;0.8697163636363635
413151;Enedis;2019;E;773050104;MONTEREAU-FAULT-YONNE;9 RUE ANATOLE FRANCE;R;2,765498e+01;20;48.396361;2.959615;77305_0005_00009;0.8662018181818182
413152;Enedis;2019;E;773050104;MONTEREAU-FAULT-YONNE;12 RUE DES GRES;R;2,191037e+01;10;48.394933;2.957929;77305_0730_00012;0.8689563636363636
413153;Enedis;2019;E;773050104;MONTEREAU-FAULT-YONNE;5 RUE FLEUR BEGNE;R;1,666642e+01;10;48.395481;2.95529;77305_0580_00005;0.8716736363636364
413154;Enedis;2019;E;773050104;MONTEREAU-FAULT-YONNE;1 AVENUE DE LA LIBERTE;T;7,996283e+01;1;48.395974;2.952185;77305_0875_00001;0.8721072727272726
413155;Enedis;2019;E;773050104;MONTEREAU-FAULT-YONNE;2 PLACE JEAN XXIII;T;3,533000e+00;1;48.387918;2.956356;77305_0410_00002;0.28860060606060606
413156;Enedis;2019;E;773050104;MONTEREAU-FAULT-YONNE;2 RUE DU CLOS DION;T;6,471886e+01;1;48.39519;2.954216;77305_0320_00002;0.8697163636363635
413157;Enedis;2019;E;773050104;MONTEREAU-FAULT-YONNE;3 RUE JEAN BOUIN;T;1,092464e+02;1;48.395674;2.953158;77305_0813_00003;0.8612081818181817
413158;Enedis;2019;E;773050105;MONTEREAU-FAULT-YONNE;1 PLACE DE BOULAINS;R;2,204132e+01;10;48.394087;2.957614;77305_0160_00001;0.8680445454545455
413159;Enedis;2019;E;773050105;MONTEREAU-FAULT-YONNE;7 PLACE DE BOULAINS;R;1,886282e+01;10;48.394087;2.957654;77305_0160_00007;0.8680445454545455
413160;Enedis;2019;E;773050105;MONTEREAU-FAULT-YONNE;6 PLACE DE BOULAINS;R;2,346770e+01;10;48.393957;2.957123;77305_0160_00006;0.8680445454545455
413161;Enedis;2019;E;773050105;MONTEREAU-FAULT-YONNE;60 B AVENUE DE SURVILLE;R;4,839149e+01;27;48.393987;2.952654;77305_1515_00060_bis;0.6905632231404958
413162;Enedis;2019;E;773050105;MONTEREAU-FAULT-YONNE;4 PLACE DE BOULAINS;R;1,449480e+01;10;48.393958;2.95711;77305_0160_00004;0.8680445454545455
413163;Enedis;2019;E;773050105;MONTEREAU-FAULT-YONNE;8 PLACE DE BOULAINS;R;2,006301e+01;10;48.393958;2.957137;77305_0160_00008;0.8680445454545455
413164;Enedis;2019;E;773050105;MONTEREAU-FAULT-YONNE;1 AVENUE DU LYCEE;R;6,586627e+01;54;48.394629;2.959266;77305_0885_00001;0.8669018181818181
413165;Enedis;2019;E;773050105;MONTEREAU-FAULT-YONNE;35 AVENUE DE SURVILLE;R;4,777012e+01;19;48.39569;2.959092;77305_1515_00035;0.8765136363636363
413166;Enedis;2019;E;773050105;MONTEREAU-FAULT-YONNE;19 RUE DE PROVINS;R;4,458139e+01;12;48.389819;2.960532;77305_1350_00019;0.8780872727272726
413167;Enedis;2019;E;773050105;MONTEREAU-FAULT-YONNE;37 AVENUE DE SURVILLE;R;3,778064e+01;19;48.39595;2.958653;77305_1515_00037;0.8765136363636363
413168;Enedis;2019;E;773050105;MONTEREAU-FAULT-YONNE;5 PLACE DE BOULAINS;R;1,829103e+01;10;48.394087;2.957641;77305_0160_00005;0.8680445454545455
413169;Enedis;2019;E;773050105;MONTEREAU-FAULT-YONNE;11 T RUE DES GRANDES BERGES;R;2,558547e+01;11;48.392959;2.955792;77305_0710_00011_ter;0.715860979020979
413170;Enedis;2019;E;773050105;MONTEREAU-FAULT-YONNE;57 RUE DE PROVINS;R;4,741506e+01;12;48.390662;2.963051;77305_1350_00057;0.8780872727272726
413171;Enedis;2019;E;773050105;MONTEREAU-FAULT-YONNE;3 PLACE DE BOULAINS;R;2,118246e+01;10;48.394087;2.957627;77305_0160_00003;0.8680445454545455
413172;Enedis;2019;E;773050105;MONTEREAU-FAULT-YONNE;1 AVENUE DU LYCEE;T;1,330519e+02;1;48.394629;2.959266;77305_0885_00001;0.8669018181818181
413173;Enedis;2019;E;773050105;MONTEREAU-FAULT-YONNE;17 AVENUE DE LA COLLINE SAINT MARTIN;T;8,100984e+01;1;48.398874;2.966302;77305_0328_00017;0.7374463636363636
413174;Enedis;2019;E;773050105;MONTEREAU-FAULT-YONNE;4 RUE HENRI BARBUSSE;T;2,109782e+02;1;48.400835;2.96833;77305_0779_00004;0.8700527272727272
413175;Enedis;2019;E;773050201;MONTEREAU-FAULT-YONNE;1 RUE DES SECHERONS;I;8,734413e+02;1;48.392747;2.973481;77305_1458_00001;0.8653727272727272
413176;Enedis;2019;E;773050201;MONTEREAU-FAULT-YONNE;12 RUE DES PRES SAINT MARTIN;I;8,400100e+01;1;48.384109;2.970287;77305_1325_00012;0.8693518181818181
413177;Enedis;2019;E;773050201;MONTEREAU-FAULT-YONNE;4 RUE DU PHARLE;I;6,840100e+01;1;48.387768;2.966274;77305_1163_00004;0.8680445454545455
413178;Enedis;2019;E;773050201;MONTEREAU-FAULT-YONNE;15 RUE DE LA GRANDE HAIE;I;8,867650e+01;1;48.38466;2.974119;77305_0684_00015;0.8726881818181818
413179;Enedis;2019;E;773050201;MONTEREAU-FAULT-YONNE;1 BOULEVARD DES FOSSES SAINT MAURICE;R;7,591497e+01;11;48.38723;2.961418;77305_0600_00001;0.66639
413180;Enedis;2019;E;773050201;MONTEREAU-FAULT-YONNE;24 RUE DE LA GRANDE HAIE;T;3,610612e+02;1;48.384272;2.975197;77305_0684_00024;0.8726881818181818
413181;Enedis;2019;E;773050201;MONTEREAU-FAULT-YONNE;13 RUE DE LA GRANDE HAIE;T;7,313667e+01;1;48.385267;2.971956;77305_0684_00013;0.8726881818181818
413182;Enedis;2019;E;773050201;MONTEREAU-FAULT-YONNE;7 RUE DU PHARLE;T;7,498670e+00;1;48.388518;2.966613;77305_1163_00007;0.8680445454545455
413183;Enedis;2019;E;773050201;MONTEREAU-FAULT-YONNE;4 RUE DES CLOMARTS;T;7,519749e+01;1;48.385538;2.96674;77305_0325_00004;0.87066
413184;Enedis;2019;E;773050201;MONTEREAU-FAULT-YONNE;30 RUE DE LA GRANDE HAIE;T;2,532101e+02;1;48.384068;2.978178;77305_0684_00030;0.8726881818181818
413185;Enedis;2019;E;773050201;MONTEREAU-FAULT-YONNE;8 RUE DU PHARLE;T;1,645850e+02;1;48.388803;2.966698;77305_1163_00008;0.8680445454545455
413186;Enedis;2019;E;773050201;MONTEREAU-FAULT-YONNE;9 RUE DE LA GRANDE HAIE;T;2,625700e+02;1;48.385905;2.969678;77305_0684_00009;0.8726881818181818
413187;Enedis;2019;E;773050201;MONTEREAU-FAULT-YONNE;14 ROUTE DE BRAY;T;2,670285e+02;1;48.386375;2.963181;77305_0180_00014;0.8709354545454545
413188;Enedis;2019;E;773050201;MONTEREAU-FAULT-YONNE;2 RUE DU PHARLE;T;6,267670e+01;1;48.387342;2.966027;77305_1163_00002;0.8680445454545455
413189;Enedis;2019;E;773050201;MONTEREAU-FAULT-YONNE;3 ROUTE DE SENS;T;1,910865e+02;1;48.376768;2.95688;77305_1465_00003;0.8653727272727272
413190;Enedis;2019;E;773050201;MONTEREAU-FAULT-YONNE;8 RUE DES PRES SAINT MARTIN;T;4,853698e+01;1;48.384053;2.96893;77305_1325_00008;0.8693518181818181
413191;Enedis;2019;E;773050201;MONTEREAU-FAULT-YONNE;16 RUE DE LA GRANDE HAIE;T;1,572892e+02;2;48.38525;2.971527;77305_0684_00016;0.8726881818181818
413192;Enedis;2019;E;773050201;MONTEREAU-FAULT-YONNE;2 RUE DES SECHERONS;T;3,638650e+00;1;48.390419;2.968556;77305_1458_00002;0.8653727272727272
413193;Enedis;2019;E;773050201;MONTEREAU-FAULT-YONNE;8 RUE DE LA GRANDE HAIE;T;3,330913e+01;1;48.386255;2.967984;77305_0684_00008;0.8726881818181818
413194;Enedis;2019;E;773050201;MONTEREAU-FAULT-YONNE;3 RUE DU PHARLE;T;1,715400e-01;1;48.387616;2.966048;77305_1163_00003;0.8680445454545455
413195;RTE;2019;E;773050201;MONTEREAU-FAULT-YONNE;NON RENSEIGNE;I;3,555070e+05;3;48.387616;2.966048;77305_1163_00003;0.8680445454545455
413196;Enedis;2019;E;773050202;MONTEREAU-FAULT-YONNE;23 RUE DE VARENNES;R;1,392679e+01;10;48.384063;2.947127;77305_1550_00023;0.8766681818181818
413197;Enedis;2019;E;773050202;MONTEREAU-FAULT-YONNE;11 RUE DE LA PEPINIERE ROYALE;R;7,559231e+01;12;48.386884;2.951584;77305_1130_00011;0.8728663636363636
413198;Enedis;2019;E;773050202;MONTEREAU-FAULT-YONNE;13 RUE DE LA SOLIDARITE;R;1,331875e+02;80;48.385662;2.9461;77305_1490_00013;0.8709354545454545
413199;Enedis;2019;E;773050202;MONTEREAU-FAULT-YONNE;27 RUE ETIENNE THIBAULT;R;4,362403e+01;16;48.382318;2.946635;77305_0560_00027;0.87471
413200;Enedis;2019;E;773050202;MONTEREAU-FAULT-YONNE;8 RUE DU 8 MAI 1945;R;4,278926e+01;12;48.379992;2.94648;77305_0804_00008;0.8725027272727273
413201;Enedis;2019;E;773050202;MONTEREAU-FAULT-YONNE;7 PROMENADE DES MESSIEURS;R;8,438132e+01;19;48.387257;2.945881;77305_0951_00007;0.8697163636363635
413202;Enedis;2019;E;773050202;MONTEREAU-FAULT-YONNE;5 RUE DES FAUVETTES;R;1,588774e+01;10;48.383475;2.946626;77305_0575_00005;0.8669018181818181
413203;Enedis;2019;E;773050202;MONTEREAU-FAULT-YONNE;57 RUE LEO LAGRANGE;R;4,024442e+01;22;48.379465;2.946835;77305_0860_00057;0.8776818181818181
413204;Enedis;2019;E;773050202;MONTEREAU-FAULT-YONNE;18 RUE DES ENFANTS;R;1,974099e+01;12;48.386531;2.946003;77305_0530_00018;0.8700527272727272
413205;Enedis;2019;E;773050202;MONTEREAU-FAULT-YONNE;6 PROMENADE DES MESSIEURS;R;1,315676e+02;29;48.387129;2.946884;77305_0951_00006;0.8697163636363635
413206;Enedis;2019;E;773050202;MONTEREAU-FAULT-YONNE;1 RUE DES ENFANTS;R;1,303044e+01;10;48.386462;2.9473;77305_0530_00001;0.8700527272727272
413207;Enedis;2019;E;773050202;MONTEREAU-FAULT-YONNE;4 RUE GUE PUCELLE;R;2,260875e+01;17;48.388197;2.950386;77305_0760_00004;0.87471
413208;Enedis;2019;E;773050202;MONTEREAU-FAULT-YONNE;5 PROMENADE DES MESSIEURS;R;1,712835e+02;32;48.387257;2.945881;77305_0951_00005;0.8697163636363635
413209;Enedis;2019;E;773050202;MONTEREAU-FAULT-YONNE;3 PROMENADE DES MESSIEURS;R;1,759559e+02;34;48.387257;2.945881;77305_0951_00003;0.8697163636363635
413210;Enedis;2019;E;773050202;MONTEREAU-FAULT-YONNE;8 BOULEVARD DES MESSIEURS;R;5,623242e+01;55;48.385525;2.949429;77305_0950_00008;0.8732036363636363
413211;Enedis;2019;E;773050202;MONTEREAU-FAULT-YONNE;10 BOULEVARD DES MESSIEURS;R;4,323278e+01;36;48.385442;2.949863;77305_0950_00010;0.8732036363636363
413212;Enedis;2019;E;773050202;MONTEREAU-FAULT-YONNE;3 RUE DES FAUVETTES;R;1,296277e+01;10;48.383689;2.946568;77305_0575_00003;0.8669018181818181
413213;Enedis;2019;E;773050202;MONTEREAU-FAULT-YONNE;5 RUE GUE PUCELLE;R;5,929780e+01;12;48.388077;2.949887;77305_0760_00005;0.87471
413214;Enedis;2019;E;773050202;MONTEREAU-FAULT-YONNE;53 RUE LEO LAGRANGE;R;2,647668e+01;14;48.379344;2.947557;77305_0860_00053;0.8776818181818181
413215;Enedis;2019;E;773050202;MONTEREAU-FAULT-YONNE;2 RUE DES ENFANTS;R;1,103716e+01;10;48.386347;2.947608;77305_0530_00002;0.8700527272727272
413216;Enedis;2019;E;773050202;MONTEREAU-FAULT-YONNE;13 RUE DES ENFANTS;R;1,911291e+01;10;48.386386;2.945636;77305_0530_00013;0.8700527272727272
413217;Enedis;2019;E;773050202;MONTEREAU-FAULT-YONNE;10 RUE DU 8 MAI 1945;R;7,900680e+01;15;48.379805;2.946402;77305_0804_00010;0.8725027272727273
413218;Enedis;2019;E;773050202;MONTEREAU-FAULT-YONNE;14 RUE DES ENFANTS;R;2,565017e+01;14;48.386549;2.946545;77305_0530_00014;0.8700527272727272
413219;Enedis;2019;E;773050202;MONTEREAU-FAULT-YONNE;9 RUE DES ENFANTS;R;1,775057e+01;10;48.386378;2.946148;77305_0530_00009;0.8700527272727272
413220;Enedis;2019;E;773050202;MONTEREAU-FAULT-YONNE;39 RUE ETIENNE THIBAULT;R;7,303118e+01;11;48.382204;2.944593;77305_0560_00039;0.87471
413221;Enedis;2019;E;773050202;MONTEREAU-FAULT-YONNE;12 RUE DES ENFANTS;R;2,211104e+01;14;48.386559;2.946799;77305_0530_00012;0.8700527272727272
413222;Enedis;2019;E;773050202;MONTEREAU-FAULT-YONNE;4 PROMENADE DES MESSIEURS;R;8,193860e+01;18;48.387129;2.946884;77305_0951_00004;0.8697163636363635
413223;Enedis;2019;E;773050202;MONTEREAU-FAULT-YONNE;6 RUE DU 8 MAI 1945;R;9,257239e+01;16;48.38016;2.946567;77305_0804_00006;0.8725027272727273
413224;Enedis;2019;E;773050202;MONTEREAU-FAULT-YONNE;25 RUE DE VARENNES;R;1,253657e+01;10;48.384026;2.946795;77305_1550_00025;0.8766681818181818
413225;Enedis;2019;E;773050202;MONTEREAU-FAULT-YONNE;4 RUE DES DEMOISELLES;R;1,560722e+01;10;48.386363;2.945243;77305_0440_00004;0.8662018181818182
413226;Enedis;2019;E;773050202;MONTEREAU-FAULT-YONNE;55 RUE LEO LAGRANGE;R;3,222819e+01;20;48.379413;2.947141;77305_0860_00055;0.8776818181818181
413227;Enedis;2019;E;773050202;MONTEREAU-FAULT-YONNE;2 PROMENADE DES MESSIEURS;R;1,389580e+02;32;48.387129;2.946884;77305_0951_00002;0.8697163636363635
413228;Enedis;2019;E;773050202;MONTEREAU-FAULT-YONNE;16 RUE DES ENFANTS;R;2,389571e+01;14;48.386538;2.946283;77305_0530_00016;0.8700527272727272
413229;Enedis;2019;E;773050202;MONTEREAU-FAULT-YONNE;3 RUE DES ENFANTS;R;2,193094e+01;10;48.386408;2.947011;77305_0530_00003;0.8700527272727272
413230;Enedis;2019;E;773050202;MONTEREAU-FAULT-YONNE;54 AVENUE DU GENERAL DE GAULLE;R;9,414889e+01;15;48.381263;2.948816;77305_0660_00054;0.8785609090909091
413231;Enedis;2019;E;773050202;MONTEREAU-FAULT-YONNE;21 RUE DE VARENNES;R;1,084103e+01;10;48.384045;2.947458;77305_1550_00021;0.8766681818181818
413232;Enedis;2019;E;773050202;MONTEREAU-FAULT-YONNE;2 RUE DES DEMOISELLES;R;7,632260e+00;10;48.386501;2.945137;77305_0440_00002;0.8662018181818182
413233;Enedis;2019;E;773050202;MONTEREAU-FAULT-YONNE;5 RUE DES ENFANTS;R;1,417597e+01;10;48.386343;2.946119;77305_0530_00005;0.8700527272727272
413234;Enedis;2019;E;773050202;MONTEREAU-FAULT-YONNE;4 RUE DES ENFANTS;R;8,039650e+00;10;48.386525;2.947595;77305_0530_00004;0.8700527272727272
413235;Enedis;2019;E;773050202;MONTEREAU-FAULT-YONNE;11 RUE DES DAMES;R;4,641540e+01;10;48.387513;2.947928;77305_0420_00011;0.8743454545454545
413236;Enedis;2019;E;773050202;MONTEREAU-FAULT-YONNE;39 B RUE GUE PUCELLE;R;7,633619e+01;43;48.388002;2.944814;77305_0760_00039_bis;0.659398995215311
413237;Enedis;2019;E;773050202;MONTEREAU-FAULT-YONNE;7 RUE DES ENFANTS;R;1,976969e+01;10;48.386383;2.946328;77305_0530_00007;0.8700527272727272
413238;Enedis;2019;E;773050202;MONTEREAU-FAULT-YONNE;15 RUE DU CHATELET;R;2,145156e+01;13;48.383332;2.943668;77305_0280_00015;0.8728663636363636
413239;Enedis;2019;E;773050202;MONTEREAU-FAULT-YONNE;11 RUE DES ENFANTS;R;1,566602e+01;10;48.386369;2.945948;77305_0530_00011;0.8700527272727272
413240;Enedis;2019;E;773050202;MONTEREAU-FAULT-YONNE;4 RUE ETIENNE DOLET;R;7,342984e+01;13;48.381463;2.944855;77305_0550_00004;0.8721072727272726
413241;Enedis;2019;E;773050202;MONTEREAU-FAULT-YONNE;51 RUE LEO LAGRANGE;T;6,212929e+01;1;48.378975;2.948388;77305_0860_00051;0.8776818181818181
413242;Enedis;2019;E;773050202;MONTEREAU-FAULT-YONNE;1 RUE DE LA PEPINIERE ROYALE;T;1,168281e+02;1;48.385231;2.95224;77305_1130_00001;0.8728663636363636
413243;Enedis;2019;E;773050202;MONTEREAU-FAULT-YONNE;5 RUE DU CHATELET;T;7,486632e+01;1;48.381603;2.943897;77305_0280_00005;0.8728663636363636
413244;Enedis;2019;E;773050202;MONTEREAU-FAULT-YONNE;29 AVENUE DU GENERAL DE GAULLE;T;5,613968e+01;1;48.381199;2.949405;77305_0660_00029;0.8785609090909091
413245;Enedis;2019;E;773050202;MONTEREAU-FAULT-YONNE;36 RUE DU PETIT VAUGIRARD;T;3,314375e+02;1;48.386218;2.949956;77305_1150_00036;0.8736663636363636
413246;Enedis;2019;E;773050202;MONTEREAU-FAULT-YONNE;10 RUE ETIENNE THIBAULT;T;5,558204e+01;1;48.382578;2.949051;77305_0560_00010;0.87471
413247;Enedis;2019;E;773050203;MONTEREAU-FAULT-YONNE;6 AVENUE DU MAL DE LATTRE DE TASSIGNY;I;3,198007e+01;1;48.381455;2.952968;77305_0920_00006;0.742580049140049
413248;Enedis;2019;E;773050203;MONTEREAU-FAULT-YONNE;53 RUE JEAN JAURES;I;1,376069e+02;1;48.38466;2.956543;77305_0820_00053;0.87908
413249;Enedis;2019;E;773050203;MONTEREAU-FAULT-YONNE;1 B RUE VICTOR HUGO;I;9,734207e+01;1;48.382867;2.953969;77305_1560_00001_bis;0.6912200000000001
413250;Enedis;2019;E;773050203;MONTEREAU-FAULT-YONNE;6 RUE DE L ANCIENNE PIPERIE;R;2,645811e+01;18;48.384111;2.954739;77305_0020_00006;0.8685236363636363
413251;Enedis;2019;E;773050203;MONTEREAU-FAULT-YONNE;5 BOULEVARD DE LA REPUBLIQUE;R;1,002106e+02;25;48.382587;2.955467;77305_1390_00005;0.87066
413252;Enedis;2019;E;773050203;MONTEREAU-FAULT-YONNE;4 PLACE DU CALVAIRE;R;1,079946e+01;10;48.38609;2.954865;77305_0190_00004;0.8643581818181818
413253;Enedis;2019;E;773050203;MONTEREAU-FAULT-YONNE;12 RUE VICTOR HUGO;R;5,660463e+01;10;48.384676;2.954273;77305_1560_00012;0.8730381818181818
413254;Enedis;2019;E;773050203;MONTEREAU-FAULT-YONNE;22 B BOULEVARD CHEREAU;R;1,381141e+01;11;48.377722;2.952309;77305_0290_00022_bis;0.6807529870129869
413255;Enedis;2019;E;773050203;MONTEREAU-FAULT-YONNE;6 RUE ALFRED NODET;R;1,142336e+02;23;48.380557;2.953408;77305_0036_00006;0.8675090909090908
413256;Enedis;2019;E;773050203;MONTEREAU-FAULT-YONNE;7 RUE EDMOND FORTIN;R;8,636673e+01;18;48.384731;2.957525;77305_0470_00007;0.8716736363636364
413257;Enedis;2019;E;773050203;MONTEREAU-FAULT-YONNE;23 RUE DE L YONNE;R;1,451283e+02;22;48.383684;2.957778;77305_1630_00023;0.8725027272727273
413258;Enedis;2019;E;773050203;MONTEREAU-FAULT-YONNE;7 RUE DE LA FAIENCERIE;R;2,589536e+01;15;48.384565;2.952991;77305_0564_00007;0.8700527272727272
413259;Enedis;2019;E;773050203;MONTEREAU-FAULT-YONNE;2 PLACE DU CALVAIRE;R;1,896055e+01;17;48.386143;2.954875;77305_0190_00002;0.8643581818181818
413260;Enedis;2019;E;773050203;MONTEREAU-FAULT-YONNE;8 RUE DES CHANGES;R;5,929169e+01;15;48.387179;2.9563;77305_0250_00008;0.8697163636363635
413261;Enedis;2019;E;773050203;MONTEREAU-FAULT-YONNE;4 RUE DE L ANCIENNE PIPERIE;R;2,843128e+01;18;48.384082;2.955057;77305_0020_00004;0.8685236363636363
413262;Enedis;2019;E;773050203;MONTEREAU-FAULT-YONNE;93 RUE JEAN JAURES;R;5,965433e+01;10;48.383304;2.9551;77305_0820_00093;0.87908
413263;Enedis;2019;E;773050203;MONTEREAU-FAULT-YONNE;11 BOULEVARD DE LA REPUBLIQUE;R;2,293494e+02;44;48.382675;2.957494;77305_1390_00011;0.87066
413264;Enedis;2019;E;773050203;MONTEREAU-FAULT-YONNE;14 BOULEVARD CRETTE PREIGNARD;R;1,406260e+01;11;48.383815;2.95067;77305_0390_00014;0.8732036363636363
413265;Enedis;2019;E;773050203;MONTEREAU-FAULT-YONNE;7 RUE VICTOR HUGO;R;2,598101e+01;16;48.38451;2.95413;77305_1560_00007;0.8730381818181818
413266;Enedis;2019;E;773050203;MONTEREAU-FAULT-YONNE;16 RUE DES FOSSES;R;4,102740e+01;10;48.387183;2.954571;77305_0590_00016;0.8742181818181818
413267;Enedis;2019;E;773050203;MONTEREAU-FAULT-YONNE;1 AVENUE DU MARECHAL JUIN;R;6,888980e+01;11;48.380573;2.952812;77305_ctcajl_00001;0.8700527272727272
413268;Enedis;2019;E;773050203;MONTEREAU-FAULT-YONNE;3 RUE ALFRED NODET;R;8,530621e+01;15;48.380842;2.953254;77305_0036_00003;0.8675090909090908
413269;Enedis;2019;E;773050203;MONTEREAU-FAULT-YONNE;9 RUE PAUL DELAIR;R;5,331969e+01;11;48.385675;2.957971;77305_1090_00009;0.8730381818181818
413270;Enedis;2019;E;773050203;MONTEREAU-FAULT-YONNE;12 AVENUE DU MAL DE LATTRE DE TASSIGNY;R;1,087173e+02;16;48.381055;2.952568;77305_0920_00012;0.7460715789473683
413271;Enedis;2019;E;773050203;MONTEREAU-FAULT-YONNE;32 RUE LEO LAGRANGE;R;7,436506e+01;14;48.37869;2.951762;77305_0860_00032;0.8776818181818181
413272;Enedis;2019;E;773050203;MONTEREAU-FAULT-YONNE;3 RUE DE LA FAIENCERIE;R;3,960972e+01;15;48.384876;2.953436;77305_0564_00003;0.8700527272727272
413273;Enedis;2019;E;773050203;MONTEREAU-FAULT-YONNE;5 RUE DE LA FAIENCERIE;R;2,511766e+01;14;48.384713;2.953064;77305_0564_00005;0.8700527272727272
413274;Enedis;2019;E;773050203;MONTEREAU-FAULT-YONNE;20 RUE DU PETIT VAUGIRARD;R;1,313247e+02;28;48.386136;2.95272;77305_1150_00020;0.8736663636363636
413275;Enedis;2019;E;773050203;MONTEREAU-FAULT-YONNE;4 RUE DES RECOLLETS;R;3,409706e+01;10;48.384748;2.955064;77305_1380_00004;0.8700527272727272
413276;Enedis;2019;E;773050203;MONTEREAU-FAULT-YONNE;61 RUE JEAN JAURES;R;4,706295e+01;11;48.38441;2.956822;77305_0820_00061;0.87908
413277;Enedis;2019;E;773050203;MONTEREAU-FAULT-YONNE;1 RUE DE LA FAIENCERIE;R;2,932543e+01;16;48.38484;2.953746;77305_0564_00001;0.8700527272727272
413278;Enedis;2019;E;773050203;MONTEREAU-FAULT-YONNE;8 RUE DE L ANCIENNE PIPERIE;R;2,462447e+01;18;48.384142;2.954414;77305_0020_00008;0.8685236363636363
413279;Enedis;2019;E;773050203;MONTEREAU-FAULT-YONNE;30 RUE LEO LAGRANGE;R;1,259075e+02;24;48.378717;2.952481;77305_0860_00030;0.8776818181818181
413280;Enedis;2019;E;773050203;MONTEREAU-FAULT-YONNE;38 RUE JEAN JAURES;R;6,178571e+01;14;48.385513;2.956899;77305_0820_00038;0.87908
413281;Enedis;2019;E;773050203;MONTEREAU-FAULT-YONNE;10 B RUE VICTOR HUGO;R;1,553526e+02;28;48.38451;2.954254;77305_1560_00010_bis;0.6577271770334927
413282;Enedis;2019;E;773050203;MONTEREAU-FAULT-YONNE;21 PLACE DU COLONEL FABIEN;R;5,215866e+01;11;48.386147;2.955632;77305_0330_00021;0.8723090909090909
413283;Enedis;2019;E;773050203;MONTEREAU-FAULT-YONNE;8 RUE ALFRED NODET;R;8,881644e+01;17;48.380646;2.953;77305_0036_00008;0.8675090909090908
413284;Enedis;2019;E;773050203;MONTEREAU-FAULT-YONNE;7 B RUE EDMOND FORTIN;R;1,416724e+02;26;48.384737;2.957623;77305_0470_00007_b;0.7547905194805193
413285;Enedis;2019;E;773050203;MONTEREAU-FAULT-YONNE;14 AVENUE DU MAL DE LATTRE DE TASSIGNY;R;1,568938e+02;36;48.380884;2.952386;77305_0920_00014;0.7460715789473683
413286;Enedis;2019;E;773050203;MONTEREAU-FAULT-YONNE;20 RUE DES FOSSES;R;9,137726e+01;16;48.387506;2.95463;77305_0590_00020;0.8742181818181818
413287;Enedis;2019;E;773050203;MONTEREAU-FAULT-YONNE;7 B RUE VICTOR HUGO;R;4,182916e+01;19;48.384495;2.954136;77305_1560_00007_b;0.7438515789473684
413288;Enedis;2019;E;773050203;MONTEREAU-FAULT-YONNE;4 RUE ALFRED NODET;R;9,178869e+01;17;48.380835;2.953826;77305_0036_00004;0.8675090909090908
413289;Enedis;2019;E;773050203;MONTEREAU-FAULT-YONNE;17 RUE DU PETIT VAUGIRARD;R;5,941193e+01;10;48.386059;2.952643;77305_1150_00017;0.8736663636363636
413290;Enedis;2019;E;773050203;MONTEREAU-FAULT-YONNE;18 BOULEVARD CRETTE PREIGNARD;R;1,411209e+01;10;48.383607;2.950923;77305_0390_00018;0.8732036363636363
413291;Enedis;2019;E;773050203;MONTEREAU-FAULT-YONNE;7 PORT DES GRAVIERS;R;4,246426e+01;10;48.385095;2.958759;77305_1260_00007;0.8689563636363636
413292;Enedis;2019;E;773050203;MONTEREAU-FAULT-YONNE;15 RUE VICTOR HUGO;T;7,370003e+01;1;48.385554;2.954273;77305_1560_00015;0.8730381818181818
413293;Enedis;2019;E;773050203;MONTEREAU-FAULT-YONNE;6 AVENUE DU GENERAL DE GAULLE;T;2,444471e+02;1;48.382126;2.953127;77305_0660_00006;0.8785609090909091
413294;Enedis;2019;E;773050203;MONTEREAU-FAULT-YONNE;5 B AVENUE DU MARECHAL LECLERC;T;2,593068e+02;1;48.381083;2.954499;77305_nchpoh_00005_bis;0.7590427899686519
413295;Enedis;2019;E;773050203;MONTEREAU-FAULT-YONNE;7 RUE PAUL DELAIR;T;5,450626e+01;1;48.38572;2.957787;77305_1090_00007;0.8730381818181818
413296;Enedis;2019;E;773050203;MONTEREAU-FAULT-YONNE;63 RUE JEAN JAURES;T;7,294050e+02;1;48.38437;2.95623;77305_0820_00063;0.87908
413297;Enedis;2019;E;773050203;MONTEREAU-FAULT-YONNE;3 RUE VICTOR HUGO;T;1,150222e+02;1;48.383364;2.954025;77305_1560_00003;0.8730381818181818
413298;Enedis;2019;E;773050203;MONTEREAU-FAULT-YONNE;1 B RUE VICTOR HUGO;T;2,968838e+03;1;48.382867;2.953969;77305_1560_00001_bis;0.6912200000000001
413299;Enedis;2019;E;773050203;MONTEREAU-FAULT-YONNE;22 RUE DES ARCHES;T;7,879902e+01;1;48.382743;2.956721;77305_0040_00022;0.8732036363636363
413300;Enedis;2019;E;773050203;MONTEREAU-FAULT-YONNE;24 RUE DU PORT DES FOSSES;T;1,027595e+01;1;48.38836;2.951713;77305_1250_00024;0.8740863636363636
413301;Enedis;2019;E;773050203;MONTEREAU-FAULT-YONNE;14 RUE DES FOSSES;T;4,200074e+01;1;48.386896;2.954536;77305_0590_00014;0.8742181818181818
413302;Enedis;2019;E;773050203;MONTEREAU-FAULT-YONNE;5 AVENUE DU MARECHAL LECLERC;T;2,011415e+02;1;48.381083;2.954499;77305_nchpoh_00005;0.8718954545454545
413303;Enedis;2019;E;773050203;MONTEREAU-FAULT-YONNE;23 RUE JEAN JAURES;T;8,825381e+01;1;48.385808;2.957185;77305_0820_00023;0.87908
413304;Enedis;2019;E;773050203;MONTEREAU-FAULT-YONNE;17 RUE DU DOCTEUR ARTHUR PETIT;T;4,370160e+01;1;48.385417;2.955501;77305_0450_00017;0.8725027272727273
413305;Enedis;2019;E;773050203;MONTEREAU-FAULT-YONNE;54 RUE JEAN JAURES;T;1,923430e+02;1;48.384661;2.956367;77305_0820_00054;0.87908
413306;Enedis;2019;E;773050203;MONTEREAU-FAULT-YONNE;19 RUE JEAN JAURES;T;3,644949e+01;1;48.386017;2.957299;77305_0820_00019;0.87908
413307;Enedis;2019;E;773050203;MONTEREAU-FAULT-YONNE;3 RUE DE LA CHARITE;T;1,507617e+01;1;48.383265;2.954487;77305_0270_00003;0.8643581818181818
413308;Enedis;2019;E;773050203;MONTEREAU-FAULT-YONNE;19 RUE PIERRE CORNEILLE;T;1,244488e+02;1;48.379306;2.951313;77305_1180_00019;0.8716736363636364
413309;Enedis;2019;E;773050203;MONTEREAU-FAULT-YONNE;20 RUE PIERRE DE MONTEREAU;T;1,120456e+02;2;48.387242;2.951866;77305_1190_00020;0.8723090909090909
413310;Enedis;2019;E;773050203;MONTEREAU-FAULT-YONNE;30 RUE JEAN JAURES;T;4,890668e+01;1;48.385886;2.957124;77305_0820_00030;0.87908
415421;Enedis;2019;E;774090000;SAINT-GERMAIN-LAVAL;5 RUE DE LA FONTAINE FROIDE;R;6,646686e+01;44;48.404557;2.984483;77409_0049_00005;0.856570909090909
415649;Enedis;2019;E;774390000;SALINS;5 RUE DE PROVINS;T;2,484779e+02;1;48.421989;3.021522;77439_0250_00005;0.8614927272727272
415650;Enedis;2019;E;774390000;SALINS;39 RUE DE COURCELLES;T;6,448459e+01;1;48.420605;3.027301;77439_0080_00039;0.8618372727272726
415651;Enedis;2019;E;774390000;SALINS;8 LES TUILERIES;T;8,943646e+01;1;48.41751;3.010733;77439_mltpga_00008;0.8587963636363636
416881;Enedis;2019;E;774820000;VARENNES-SUR-SEINE;38 AVENUE ALBERT GRAVE;R;2,041967e+01;10;48.374745;2.937003;77482_0040_00038;0.8722472727272726
416882;Enedis;2019;E;774820000;VARENNES-SUR-SEINE;12 ROUTE DE CANNES;R;1,141293e+02;14;48.373002;2.959935;77482_0080_00012;0.8663527272727273
416883;Enedis;2019;E;774820000;VARENNES-SUR-SEINE;1 AVENUE ALBERT GRAVE;R;1,392035e+02;68;48.375682;2.930332;77482_0040_00001;0.8722472727272726
416884;Enedis;2019;E;774820000;VARENNES-SUR-SEINE;34 AVENUE ALBERT GRAVE;R;3,283482e+01;16;48.374416;2.93584;77482_0040_00034;0.8722472727272726
416885;Enedis;2019;E;774820000;VARENNES-SUR-SEINE;30 AVENUE ALBERT GRAVE;R;2,445815e+01;16;48.374309;2.934859;77482_0040_00030;0.8722472727272726
416886;Enedis;2019;E;774820000;VARENNES-SUR-SEINE;1 RUE LOUISE GOUNON;R;1,922855e+01;10;48.374522;2.9367;77482_0410_00001;0.8596445454545454
416887;Enedis;2019;E;774820000;VARENNES-SUR-SEINE;16 RUE MAX POL FOUCHET;R;9,946213e+01;15;48.372895;2.939966;77482_0485_00016;0.8633299999999999
416888;Enedis;2019;E;774820000;VARENNES-SUR-SEINE;2 RUE MAX POL FOUCHET;R;1,184664e+02;15;48.373047;2.940992;77482_0485_00002;0.8633299999999999
416889;Enedis;2019;E;774820000;VARENNES-SUR-SEINE;8 RUE DE MAISON ROUGE;R;4,790689e+01;10;48.373252;2.923001;77482_0480_00008;0.8614872727272727
416890;Enedis;2019;E;774820000;VARENNES-SUR-SEINE;36 AVENUE ALBERT GRAVE;R;2,948292e+01;16;48.374444;2.936075;77482_0040_00036;0.8722472727272726
416891;Enedis;2019;E;774820000;VARENNES-SUR-SEINE;28 AVENUE ALBERT GRAVE;R;2,142916e+01;16;48.374236;2.934113;77482_0040_00028;0.8722472727272726
416892;Enedis;2019;E;774820000;VARENNES-SUR-SEINE;32 AVENUE ALBERT GRAVE;R;2,232555e+01;16;48.374327;2.935108;77482_0040_00032;0.8722472727272726
416893;Enedis;2019;E;774820000;VARENNES-SUR-SEINE;24 B ROUTE DU PETIT FOSSARD;T;7,387410e+01;1;48.367608;2.957263;77482_0260_00024_bis;0.7095018881118882
416894;Enedis;2019;E;774820000;VARENNES-SUR-SEINE;30 ROUTE DU PETIT FOSSARD;T;2,839648e+01;1;48.366883;2.957223;77482_0260_00030;0.8668445454545455
416895;Enedis;2019;E;774820000;VARENNES-SUR-SEINE;8 AVENUE DU 8 MAI 1945;T;2,434276e+02;1;48.374252;2.943647;77482_0403_00008;0.8705436363636363
416896;Enedis;2019;E;774820000;VARENNES-SUR-SEINE;6 ROUTE DE CANNES;T;7,620023e+02;2;48.374391;2.958309;77482_0080_00006;0.8663527272727273
416897;Enedis;2019;E;774820000;VARENNES-SUR-SEINE;1 AVENUE DU 8 MAI 1945;T;1,604183e+02;1;48.376209;2.945117;77482_0403_00001;0.8705436363636363
416898;Enedis;2019;E;774820000;VARENNES-SUR-SEINE;33 RUE DE LA SAUVAGERIE;T;1,185000e+02;1;48.373613;2.928698;77482_0720_00033;0.866480909090909
416899;Enedis;2019;E;774820000;VARENNES-SUR-SEINE;24 ROUTE DU PETIT FOSSARD;T;1,610655e+02;1;48.367878;2.95728;77482_0260_00024;0.8668445454545455
416900;RTE;2019;E;774820000;VARENNES-SUR-SEINE;22 D 28;T;1,175611e+04;1;48.375018;2.922915;77482_0600_00022;0.20072545454545454
417489;Enedis;2019;E;775310000;VOULX;41 RUE PASTEUR;I;9,911650e+00;1;48.282138;2.960297;77531_0320_00041;0.8667336363636363
417490;Enedis;2019;E;775310000;VOULX;50 GRANDE RUE;I;8,867157e+01;1;48.280448;2.96903;77531_0198_00050;0.8684518181818182
417491;Enedis;2019;E;775310000;VOULX;6 RUE DE L ILE;R;1,729739e+01;10;48.282067;2.969938;77531_0205_00006;0.86122
417492;Enedis;2019;E;775310000;VOULX;31 RUE PASTEUR;T;2,194777e+01;1;48.281204;2.964763;77531_0320_00031;0.8667336363636363
417493;Enedis;2019;E;775310000;VOULX;5 ROUTE DE SAINT ANGE;T;3,082000e+00;1;48.281061;2.959586;77531_0385_00005;0.8521636363636362
417494;Enedis;2019;E;775310000;VOULX;15 RUE JULES MASSENET;T;1,837470e+02;1;48.277787;2.970797;77531_0260_00015;0.8603072727272727
